ID,City,Lat,Lng,Max Temp,Humidity,Cloudiness,Wind Speed,Country,Date
0,margaret river,-33.95,115.0667,19.84,52,87,4.96,AU,1701022380
1,crane,31.3974,-102.3501,8.44,35,100,5.6,US,1701022381
2,walvis bay,-22.9575,14.5053,16.16,70,26,6.76,NA,1701022377
3,gamay,12.3854,125.2979,25.23,93,33,2.12,PH,1701022383
4,igarka,67.4667,86.5833,-27.5,99,80,2.58,RU,1701022384
5,oranjemund,-28.55,16.4333,17.5,84,8,6.37,NA,1701022385
6,west island,-12.1568,96.8225,25.99,78,100,3.09,CC,1701022385
7,bethel,41.3712,-73.414,8.6,69,100,2.06,US,1701022386
8,pochep,52.9336,33.4464,-1.51,89,100,8.83,RU,1701022387
9,anadyr,64.75,177.4833,1.28,100,75,12.0,RU,1701022107
10,waitangi,-43.9535,-176.5597,13.79,97,44,0.45,NZ,1701022388
11,aasiaat,68.7098,-52.8699,-3.7,86,100,2.88,GL,1701022389
12,darende,38.5458,37.5058,9.89,88,100,3.16,TR,1701022390
13,sur,22.5667,59.5289,24.83,59,22,3.71,OM,1701022390
14,puerto ayora,-0.7393,-90.3518,28.98,84,49,3.58,EC,1701022391
15,port-aux-francais,-49.35,70.2167,3.93,66,99,7.99,TF,1701022392
16,blackmans bay,-43.0167,147.3167,9.07,87,96,3.46,AU,1701022394
17,arraial do cabo,-22.9661,-42.0278,23.92,73,75,6.69,BR,1701022251
18,hermanus,-34.4187,19.2345,18.34,79,31,1.18,ZA,1701022395
19,greymouth,-42.4667,171.2,10.28,91,35,1.65,NZ,1701022396
20,wajir,1.7471,40.0573,29.59,56,99,3.19,KE,1701022397
21,pohang,36.0322,129.365,7.25,56,95,1.58,KR,1701022397
22,papao,-17.75,-149.55,27.82,80,82,9.71,PF,1701022398
23,ushuaia,-54.8,-68.3,7.81,57,40,9.26,AR,1701022400
24,yantarnyy,54.8717,19.9381,-2.08,84,100,3.43,RU,1701022400
25,alice springs,-23.7,133.8833,17.75,94,91,0.0,AU,1701022401
26,corumba,-19.0092,-57.6533,27.95,74,40,0.51,BR,1701022402
27,klyuchi,52.2667,79.1667,0.37,49,56,1.28,RU,1701022403
28,grytviken,-54.2811,-36.5092,2.73,99,100,2.62,GS,1701022403
29,calvinia,-31.4707,19.776,25.87,23,6,3.24,ZA,1701022404
30,nagqu,31.5,92.0,-9.61,52,0,1.39,CN,1701022405
31,gaigeturi,33.4644,126.3183,8.03,81,0,1.03,KR,1701022406
32,kapa'a,22.0752,-159.319,25.18,86,75,5.66,US,1701022406
33,howard springs,-12.497,131.047,25.95,96,79,1.56,AU,1701022408
34,alaghsas,17.0187,8.0168,28.94,13,100,4.12,NE,1701022409
35,nemuro,43.3236,145.575,1.08,61,8,6.43,JP,1701022409
36,okhotsk,59.3833,143.3,-18.42,96,100,8.08,RU,1701022410
37,qaqortoq,60.7167,-46.0333,-2.39,83,100,2.38,GL,1701022411
38,amboanjo,-22.6667,47.8167,24.72,79,3,4.88,MG,1701022411
39,jutai,-5.1833,-68.9,29.95,59,93,0.16,BR,1701022412
40,kyzyl-mazhalyk,51.1333,90.6,-11.72,90,30,0.45,RU,1701022413
41,albany,42.6001,-73.9662,5.13,60,96,1.34,US,1701022414
42,tralee,52.2704,-9.7026,10.14,100,75,3.6,IE,1701022414
43,kapuskasing,49.4169,-82.4331,-0.95,86,100,6.17,CA,1701022415
44,yellowknife,62.456,-114.3525,-14.69,89,100,3.09,CA,1701022416
45,remire-montjoly,4.9167,-52.2667,29.02,79,75,1.54,GF,1701022416
46,anaconda,46.1285,-112.9423,-4.45,46,6,1.94,US,1701022417
47,murun-kuren,49.6342,100.1625,-12.79,86,59,2.52,MN,1701022418
48,port elizabeth,-33.918,25.5701,21.29,92,21,0.89,ZA,1701022170
49,invercargill,-46.4,168.35,10.57,93,100,1.18,NZ,1701022420
50,howrah,22.5892,88.3103,21.0,83,20,0.0,IN,1701022421
51,adamstown,-25.066,-130.1015,20.35,90,100,12.06,PN,1701022421
52,ilulissat,69.2167,-51.1,0.01,86,100,1.54,GL,1701022422
53,talnakh,69.4865,88.3972,-23.28,98,88,2.65,RU,1701022423
54,edinburgh of the seven seas,-37.0676,-12.3116,12.92,74,25,14.8,SH,1701022423
55,ndioum,16.5129,-14.6471,31.17,11,0,1.9,SN,1701022424
56,shingu,33.7333,135.9833,7.86,62,1,2.19,JP,1701022426
57,atamyrat,37.8357,65.2106,17.78,16,75,5.65,TM,1701022426
58,iskateley,67.6803,53.1512,-17.21,96,100,1.34,RU,1701022427
59,papatowai,-46.5619,169.4708,9.92,89,99,0.86,NZ,1701022428
60,laguna,38.421,-121.4238,15.6,60,0,2.06,US,1701022429
61,al kharj,24.155,47.3346,25.32,43,9,4.66,SA,1701022430
62,stanley,54.868,-1.6985,4.18,91,75,1.03,GB,1701022193
63,luderitz,-26.6481,15.1594,21.99,54,3,9.69,NA,1701022431
64,betio village,1.358,172.9211,28.47,75,92,2.1,KI,1701022432
65,isafjordur,66.0755,-23.124,2.02,87,75,0.51,IS,1701022432
66,halifax,44.6453,-63.5724,4.71,71,100,6.17,CA,1701022433
67,jamestown,42.097,-79.2353,7.79,63,100,3.09,US,1701022434
68,hawaiian paradise park,19.5933,-154.9731,23.28,94,0,2.06,US,1701022435
69,grand falls-windsor,48.9332,-55.6649,1.39,75,80,0.89,CA,1701022435
70,rosario oeste,-14.8361,-56.4275,36.62,34,24,0.27,BR,1701022436
71,island harbour,50.724,-1.2758,11.63,94,100,4.02,GB,1701022437
72,opuwo,-18.0607,13.84,28.67,41,99,2.15,NA,1701022212
73,vilyuchinsk,52.9306,158.4028,-7.82,79,37,4.19,RU,1701022220
74,wailua homesteads,22.0669,-159.378,24.44,86,75,5.66,US,1701022439
75,amealco,20.1833,-100.15,18.04,33,2,1.7,MX,1701022440
76,zhangzhou,24.5133,117.6556,14.85,91,2,0.94,CN,1701022212
77,pechora,65.1472,57.2244,-20.8,100,74,1.7,RU,1701022442
78,badvel,14.75,79.05,23.01,91,56,2.07,IN,1701022443
79,vila velha,-20.3297,-40.2925,24.97,78,75,5.66,BR,1701022443
80,cabedelo,-6.9811,-34.8339,31.37,60,20,6.46,BR,1701022444
81,tura,25.5198,90.2201,17.88,64,33,1.58,IN,1701022445
82,georgetown,5.4112,100.3354,26.96,83,20,1.03,MY,1701022375
83,puerto natales,-51.7236,-72.4875,10.25,53,75,13.38,CL,1701022266
84,massawa,15.6097,39.45,29.16,65,23,0.82,ER,1701022447
85,beloyarskiy,63.7119,66.6722,-22.79,100,72,1.65,RU,1701022448
86,uzes,44.0167,4.4167,6.75,64,16,4.8,FR,1701022449
87,labytnangi,66.6572,66.4183,-15.63,97,98,1.72,RU,1701022450
88,zheleznodorozhnyy,55.7503,38.0042,-3.69,92,100,4.47,RU,1701022402
89,utrik,11.2278,169.8474,27.67,76,19,9.82,MH,1701022451
90,butembo,0.15,29.2833,14.33,99,99,0.56,CD,1701022452
91,kailua-kona,19.6406,-155.9956,26.95,76,75,4.63,US,1701022454
92,tazovsky,67.4667,78.7,-20.54,91,100,5.01,RU,1701022455
93,la plata,-34.9215,-57.9545,32.24,50,0,3.14,AR,1701022069
94,tafuna,-14.3358,-170.72,27.97,94,75,7.72,AS,1701022456
95,miajadas,39.1513,-5.9084,11.65,63,90,1.41,ES,1701022457
96,kalmunai,7.4167,81.8167,25.51,89,81,0.96,LK,1701022458
97,fort st. john,56.2499,-120.8529,-0.06,74,40,2.57,CA,1701022458
98,tiksi,71.6872,128.8694,-22.71,100,99,2.88,RU,1701022460
99,menongue,-14.6585,17.691,20.82,74,87,1.26,AO,1701022461
100,nyurba,63.2842,118.3319,-15.82,94,100,3.52,RU,1701022462
101,cabo san lucas,22.8909,-109.9124,27.51,62,100,2.06,MX,1701022462
102,solothurn,47.2079,7.5371,3.46,89,0,2.06,CH,1701022463
103,praia da vitoria,38.7333,-27.0667,19.31,100,75,11.56,PT,1701022464
104,st. john's,47.5649,-52.7093,2.21,76,100,4.12,CA,1701022465
105,iqaluit,63.7506,-68.5145,-8.15,67,75,2.06,CA,1701022337
106,atafu village,-8.5421,-172.5159,29.51,73,48,5.89,TK,1701022466
107,holualoa,19.6228,-155.9522,24.88,76,75,4.63,US,1701022467
108,enewetak,11.3474,162.3373,27.8,79,96,9.01,MH,1701022468
109,mount gambier,-37.8333,140.7667,11.63,80,94,3.76,AU,1701022469
110,askoy,60.4092,5.226,2.64,100,75,4.12,NO,1701022470
111,namie,37.4833,141.0,3.73,72,90,2.57,JP,1701022471
112,argo,37.6333,22.7333,11.1,51,11,1.97,GR,1701022471
113,yigo village,13.5361,144.8886,27.16,91,40,8.23,GU,1701022472
114,port alfred,-33.5906,26.891,21.77,93,19,1.34,ZA,1701022473
115,callao,-12.0667,-77.15,21.16,73,20,4.63,PE,1701022236
116,eraan,9.0629,117.7016,25.59,86,99,1.63,PH,1701022475
117,new plymouth,-39.0667,174.0833,14.34,71,20,2.81,NZ,1701022476
118,kani keli,-12.9536,45.1033,27.59,75,87,4.72,YT,1701022477
119,saint-francois,46.4154,3.9054,0.36,94,0,0.0,FR,1701022477
120,ginir,7.1333,40.7,15.33,53,98,3.88,ET,1701022478
121,thompson,55.7435,-97.8558,-15.59,77,100,5.06,CA,1701022261
122,sao joao da barra,-21.6403,-41.0511,26.05,73,99,5.46,BR,1701022480
123,bilibino,68.0546,166.4372,-14.06,88,12,2.9,RU,1701022481
124,hamilton,39.1834,-84.5333,8.18,88,100,4.12,US,1701022482
125,lib,8.3122,167.3766,27.91,80,82,9.44,MH,1701022483
126,banda aceh,5.5577,95.3222,24.74,91,100,1.13,ID,1701022484
127,duyun,26.2667,107.5167,11.31,93,0,0.99,CN,1701022484
128,colonia,50.9333,6.95,6.65,89,75,4.12,DE,1701022485
129,mahibadhoo,3.7833,72.9667,28.35,73,30,3.25,MV,1701022486
130,san marcos,33.1434,-117.1661,20.33,30,0,4.02,US,1701022487
131,ulladulla,-35.35,150.4667,19.32,90,94,3.06,AU,1701022488
132,nacozari de garcia,30.3742,-109.6908,16.17,46,45,2.23,MX,1701022488
133,baotou,40.6522,109.8222,-1.37,60,1,3.0,CN,1701022489
134,tolanaro,-25.0319,46.9987,24.52,87,5,5.93,MG,1701022490
135,katsuren-haebaru,26.3369,127.8719,23.01,93,100,2.57,JP,1701022491
136,pangody,65.85,74.4859,-12.69,96,99,3.44,RU,1701022491
137,lajere,11.9797,11.4443,30.75,18,36,4.25,NG,1701022492
138,bubaque,11.2833,-15.8333,27.37,62,1,3.27,GW,1701022493
139,lubang,13.8584,120.124,27.39,79,71,7.77,PH,1701022494
140,cuyo,10.8525,121.0086,27.69,81,86,8.44,PH,1701022495
141,qamdo,31.1667,97.2333,-7.56,21,2,0.52,CN,1701022495
142,lorengau,-2.0226,147.2712,27.47,78,28,2.89,PG,1701022496
143,tsetserleg,47.475,101.4542,-11.68,77,64,3.83,MN,1701022497
144,bredasdorp,-34.5322,20.0403,19.0,70,19,2.0,ZA,1701022498
145,tobelo,1.7284,128.0095,26.84,82,94,0.52,ID,1701022498
146,carnarvon,-24.8667,113.6333,21.38,73,85,6.76,AU,1701022499
147,happy valley-goose bay,53.3168,-60.3315,-1.83,59,20,9.77,CA,1701022500
148,mufulira,-12.5498,28.2407,17.34,92,98,1.04,ZM,1701022501
149,harper,4.375,-7.7169,26.85,81,39,3.63,LR,1701022503
150,east london,-33.0153,27.9116,22.52,94,75,3.6,ZA,1701022280
151,zhangye,38.9342,100.4517,2.02,36,26,1.92,CN,1701022504
152,galliano,29.4422,-90.2992,19.0,92,100,6.48,US,1701022505
153,keflavik,64.0049,-22.5624,5.24,100,100,6.69,IS,1701022364
154,cidreira,-30.1811,-50.2056,22.45,75,46,8.01,BR,1701022507
155,dawesville,30.9224,-84.0091,15.38,97,100,5.14,US,1701022508
156,ancud,-41.8697,-73.8203,15.19,74,100,1.61,CL,1701022488
157,campoverde,-8.4753,-74.8058,25.83,97,100,0.6,PE,1701022509
158,fortaleza,-3.7227,-38.5247,30.6,60,0,4.63,BR,1701022321
159,takoradi,4.8845,-1.7554,26.08,84,97,4.07,GH,1701022252
160,port mathurin,-19.6833,63.4167,24.86,77,36,6.28,MU,1701022512
161,mendefera,14.8872,38.8153,17.19,70,21,2.65,ER,1701022512
162,noumea,-22.2763,166.4572,16.99,78,28,2.88,NC,1701022303
163,puerto baquerizo moreno,-0.9,-89.6,29.55,74,20,8.23,EC,1701022228
164,puquio,-14.7,-74.1333,16.17,51,88,2.43,PE,1701022515
165,ribeira grande,38.5167,-28.7,19.87,100,100,3.09,PT,1701022516
166,mont-laurier,46.5501,-75.4993,1.79,76,100,3.25,CA,1701022517
167,kerema,-7.9631,145.7785,26.06,86,100,0.64,PG,1701022517
168,college,64.8569,-147.8028,-4.75,86,75,1.54,US,1701022518
169,ust-nera,64.5667,143.2,-23.03,98,100,4.1,RU,1701022519
170,fort bragg,35.139,-79.006,11.01,77,100,1.54,US,1701022520
171,nadi,-17.8,177.4167,26.0,78,75,1.54,FJ,1701022521
172,badger,64.8,-147.5333,-4.8,89,75,1.54,US,1701022522
173,bikenibeu village,1.3673,173.1241,28.47,74,96,1.95,KI,1701022522
174,gamba,-2.65,10.0,26.66,85,99,2.29,GA,1701022523
175,rosetta,31.4044,30.4164,20.08,62,20,12.32,EG,1701022524
176,padangsidempuan,1.3667,99.2667,21.94,99,98,0.79,ID,1701022525
177,port lincoln,-34.7333,135.8667,14.8,75,73,9.13,AU,1701022526
178,mahina,-17.5065,-149.489,27.87,65,40,1.03,PF,1701022526
179,baihe,22.15,107.2333,18.98,77,31,0.5,CN,1701022527
180,al jawf,29.5,38.75,21.63,41,12,4.7,SA,1701022528
181,tazacorte,28.629,-17.9293,21.54,78,75,2.06,ES,1701022529
182,ilhabela,-23.7781,-45.3581,23.89,67,94,3.46,BR,1701022530
183,udachny,66.4167,112.4,-17.82,97,100,4.09,RU,1701022531
184,punta arenas,-53.15,-70.9167,10.06,50,40,9.26,CL,1701022532
185,gonabad,34.3529,58.6837,11.1,41,77,1.56,IR,1701022533
186,kuanda,56.3161,116.0806,-24.86,97,98,0.66,RU,1701022534
187,champasak,14.75,106.0,22.85,74,20,1.47,LA,1701022534
188,antalaha,-14.9003,50.2788,23.79,91,100,2.93,MG,1701022535
189,antonio enes,-16.2325,39.9086,26.85,84,43,2.96,MZ,1701022536
190,parambu,-6.2111,-40.6944,34.96,20,0,2.56,BR,1701022537
191,bizerte,37.2744,9.8739,15.0,67,40,2.06,TN,1701022537
192,whitehorse,60.7161,-135.0538,3.43,81,100,7.72,CA,1701022538
193,itarantim,-15.6597,-40.0656,30.33,46,80,4.66,BR,1701022539
194,avarua,-21.2078,-159.775,25.03,73,40,7.72,CK,1701022540
195,aripuana,-9.1667,-60.6333,37.42,30,58,1.68,BR,1701022541
196,pimentel,-6.8367,-79.9342,26.16,57,0,7.2,PE,1701022541
197,dudinka,69.4058,86.1778,-26.7,100,97,2.02,RU,1701022542
198,saipan,15.1355,145.701,27.39,89,75,7.72,MP,1701022543
199,talara,-4.5772,-81.2719,28.42,57,0,8.75,PE,1701022544
200,rio grande,-32.035,-52.0986,27.06,69,11,6.01,BR,1701022378
201,kudahuvadhoo,2.6708,72.8944,28.0,74,37,1.9,MV,1701022545
202,hilo,19.7297,-155.09,24.23,87,0,2.06,US,1701022546
203,saint joseph,39.7686,-94.8466,0.24,77,100,5.14,US,1701022548
204,nema,57.5067,50.5011,0.1,98,100,4.9,RU,1701022549
205,kone,-21.0595,164.8658,20.43,86,89,1.61,NC,1701022549
206,quellon,-43.1167,-73.6167,12.55,68,100,3.86,CL,1701022550
207,kill devil hills,36.0307,-75.676,16.1,97,100,7.2,US,1701022551
208,bengkulu,-3.8004,102.2655,24.14,92,100,1.31,ID,1701022466
209,brookings,44.3114,-96.7984,-2.01,75,100,9.26,US,1701022552
210,celso ramos,-27.6344,-51.3364,26.61,47,50,1.36,BR,1701022553
211,kitgum,3.2783,32.8867,19.52,96,100,1.23,UG,1701022554
212,mejit,10.2753,170.8646,27.48,79,26,10.51,MH,1701022555
213,brezina,33.0989,1.2608,12.5,24,12,2.17,DZ,1701022556
214,wanning,18.8003,110.3967,20.41,83,8,3.37,CN,1701022557
215,seven pagodas,12.6264,80.1722,25.59,86,90,4.72,IN,1701022557
216,mount isa,-20.7333,139.5,21.87,83,75,4.63,AU,1701022558
217,guayaramerin,-10.8368,-65.3614,30.03,66,40,2.57,BO,1701022559
218,okakarara,-20.5833,17.4333,28.24,36,87,2.48,NA,1701022560
219,lugoba,-6.45,38.3333,22.88,97,92,1.33,TZ,1701022561
220,lebu,-37.6167,-73.65,16.57,68,61,6.37,CL,1701022562
221,severo-yeniseyskiy,60.3725,93.0408,-28.41,99,13,1.27,RU,1701022563
222,angaur state,6.906,134.13,28.59,78,65,7.2,PW,1701022564
223,olonkinbyen,70.9221,-8.7187,0.56,83,70,6.61,SJ,1701022565
224,carutapera,-1.195,-46.02,30.89,56,77,4.37,BR,1701022566
225,oriximina,-1.7656,-55.8661,34.57,44,46,2.19,BR,1701022365
226,mabaruma,8.2,-59.7833,30.29,57,100,2.93,GY,1701022568
227,bereznik,62.8551,42.7072,-18.11,99,61,1.31,RU,1701022568
228,houma,29.5958,-90.7195,19.0,92,100,7.2,US,1701022569
229,margate,51.3813,1.3862,7.72,83,100,3.13,GB,1701022300
230,sinabang,2.4803,96.3801,26.39,78,100,1.48,ID,1701022571
231,bintulu,3.1667,113.0333,24.23,100,40,2.57,MY,1701022571
232,san patricio,28.017,-97.5169,17.14,67,100,8.79,US,1701022572
233,nova sintra,14.8667,-24.7167,21.87,70,13,7.21,CV,1701022573
234,polyarnyy,69.1989,33.4478,-12.3,85,76,2.29,RU,1701022574
235,cottage grove,44.8277,-92.9438,-0.28,83,100,3.6,US,1701022575
236,westport,41.1415,-73.3579,10.74,73,75,3.13,US,1701022576
237,pervari,37.9357,42.5493,7.87,93,85,3.26,TR,1701022577
238,constantia,44.1833,28.65,-0.62,76,100,9.95,RO,1701022577
239,balabac,7.9868,117.0645,27.58,81,100,5.02,PH,1701022578
240,sretensk,52.2453,117.7093,-22.88,100,80,0.78,RU,1701022579
241,tomioka,36.25,138.9,6.15,65,1,1.36,JP,1701022580
242,murmashi,68.8154,32.8115,-21.44,83,0,2.0,RU,1701022581
243,eyl,7.9803,49.8164,26.5,74,61,8.15,SO,1701022582
244,hammerfest,70.6634,23.6821,-3.75,80,20,3.6,NO,1701022582
245,newman,37.3138,-121.0208,11.24,54,99,0.89,US,1701022583
246,amga,60.8953,131.9608,-29.93,96,100,2.2,RU,1701022584
247,gore,-46.1028,168.9436,10.74,91,100,0.42,NZ,1701022585
248,petropavlovsk-kamchatsky,53.0452,158.6483,-8.64,74,40,4.47,RU,1701022586
249,mount pearl,47.5166,-52.7813,1.75,76,100,4.12,CA,1701022586
250,hadibu,12.65,54.0333,26.66,71,34,5.94,YE,1701022587
251,mariestad,58.7097,13.8237,-2.01,73,31,2.71,SE,1701022588
252,broome,42.2506,-75.833,6.31,69,0,5.66,US,1701022589
253,salinas,36.6777,-121.6555,16.57,48,0,0.89,US,1701022590
254,daru,-9.0763,143.2092,26.06,83,98,3.89,PG,1701022590
255,bel ombre,-4.6167,55.4167,26.91,83,20,0.51,SC,1701022591
256,kilindoni,-7.9139,39.6668,27.27,78,68,5.74,TZ,1701022592
257,willowmore,-33.2926,23.4895,25.2,38,27,3.9,ZA,1701022593
258,twon-brass,4.3151,6.2418,23.85,94,100,2.28,NG,1701022595
259,lihue,21.9789,-159.3672,24.77,80,75,5.66,US,1701022596
260,coquimbo,-29.9533,-71.3436,17.85,67,75,6.17,CL,1701022596
261,dadukou,26.5479,101.7054,11.62,81,0,0.66,CN,1701022597
262,isfahan,32.6572,51.6776,5.8,28,0,1.61,IR,1701022526
263,burang,30.25,81.1667,-0.37,45,60,1.5,CN,1701022599
264,katsuura,35.1333,140.3,9.77,83,13,1.33,JP,1701022599
265,susuman,62.7833,148.1667,-23.14,98,100,2.57,RU,1701022600
266,lerwick,60.1545,-1.1494,5.0,74,73,8.69,GB,1701022601
267,eydhafushi,5.1033,73.0708,28.16,77,65,4.88,MV,1701022602
268,new norfolk,-42.7826,147.0587,9.72,96,73,1.2,AU,1701022603
269,barabai,-2.5833,115.3833,23.56,98,99,0.07,ID,1701022604
270,bandikui,27.05,76.5667,18.91,51,100,0.84,IN,1701022605
271,queenstown,-31.8976,26.8753,21.2,79,28,3.18,ZA,1701022606
272,puerto aysen,-45.4,-72.7,16.91,41,96,1.99,CL,1701022607
273,lucapa,-8.4192,20.7447,19.84,95,88,0.97,AO,1701022607
274,afaahiti,-17.75,-149.2833,26.93,80,92,8.23,PF,1701022608
275,mugia,43.1041,-9.2179,13.42,83,100,3.38,ES,1701022609
276,san luis de la loma,17.2706,-100.8939,29.81,60,4,2.09,MX,1701022610
277,levuka,50.1834,-105.4011,-8.15,73,75,5.66,CA,1701022611
278,spanish springs,39.6491,-119.7074,3.26,63,0,2.06,US,1701022611
279,luanda,-8.8368,13.2343,27.0,83,40,4.63,AO,1701022506
280,labrador city,52.9463,-66.9114,-3.05,68,100,7.72,CA,1701022613
281,fale old settlement,-9.3852,-171.2468,29.67,74,52,6.75,TK,1701022614
282,tual,-5.6667,132.75,28.16,73,100,1.23,ID,1701022614
283,huescar,37.811,-2.5412,11.73,48,45,1.7,ES,1701022615
284,fada,9.5667,8.3,23.39,66,97,1.26,NG,1701022617
285,homa bay,-0.5273,34.4571,19.36,92,100,4.05,KE,1701022618
286,naigarhi,24.7833,81.7833,18.18,37,100,2.04,IN,1701022619
287,tahe,52.3333,124.7333,-20.43,90,44,1.65,CN,1701022620
288,contamana,-7.3333,-75.0167,25.1,86,100,1.26,PE,1701022620
289,minas de marcona,-15.2119,-75.1103,20.97,53,87,6.03,PE,1701022621
290,leesville,31.1435,-93.261,15.13,67,100,4.63,US,1701022622
291,lompoc,34.6391,-120.4579,17.74,52,0,3.09,US,1701022623
292,kiruna,67.8557,20.2251,-6.49,86,75,2.06,SE,1701022624
293,diamantino,-14.4086,-56.4461,34.08,40,25,2.12,BR,1701022625
294,vila franca do campo,37.7167,-25.4333,20.23,99,99,9.39,PT,1701022626
295,longyearbyen,78.2186,15.6401,0.91,69,75,3.09,SJ,1701022627
296,kerikeri,-35.2268,173.9474,8.84,90,12,1.62,NZ,1701022628
297,chapaev,50.2,51.1667,4.33,68,100,7.37,KZ,1701022628
298,namibe,-15.1961,12.1522,24.04,77,63,5.38,AO,1701022629
299,revda,56.801,59.9303,0.46,97,100,4.17,RU,1701022630
300,opp,31.2827,-86.2555,14.01,97,100,2.57,US,1701022631
301,carroll,39.5501,-77.0164,7.17,77,74,2.24,US,1701022632
302,santiago,-33.4569,-70.6483,32.41,34,0,8.75,CL,1701022481
303,trincomalee,8.5711,81.2335,27.13,82,77,5.08,LK,1701022633
304,colindres,43.3864,-3.4353,10.98,77,100,1.28,ES,1701022634
305,aljezur,37.3191,-8.8033,13.86,82,97,1.63,PT,1701022635
306,novodzhereliyevskaya,45.7737,38.6723,8.77,83,100,9.44,RU,1701022636
307,ishigaki,24.3448,124.1572,23.07,78,75,5.66,JP,1701022637
308,bogande,12.9714,-0.1436,31.39,18,74,3.24,BF,1701022638
309,champerico,14.3,-91.9167,34.3,66,37,2.24,GT,1701022638
310,tostado,-29.232,-61.7692,33.96,31,4,3.6,AR,1701022639
311,broken hill,-31.95,141.4333,19.01,51,4,6.32,AU,1701022640
312,ar rass,25.8694,43.4973,24.11,41,12,0.54,SA,1701022641
313,chernushka,56.5072,56.0766,1.58,93,100,4.31,RU,1701022642
314,bamboo flat,11.7,92.7167,28.05,78,40,2.57,IN,1701022643
315,hutang,31.5333,119.4833,9.1,82,37,2.23,CN,1701022643
316,kavieng,-2.5744,150.7967,28.26,76,90,3.29,PG,1701022644
317,belyy yar,53.6039,91.3903,-3.06,93,100,4.0,RU,1701022645
318,hirara,24.8,125.2833,23.15,78,100,4.12,JP,1701022646
319,keminmaa,65.8596,24.8228,-17.13,92,0,3.09,FI,1701022647
320,kodiak,57.79,-152.4072,-1.27,93,0,2.06,US,1701022648
321,kirsanov,52.6549,42.7224,3.69,100,100,4.67,RU,1701022649
322,furstenfeld,47.05,16.0833,1.68,51,18,3.28,AT,1701022650
323,grantsville,40.5999,-112.4644,2.23,72,0,1.54,US,1701022651
324,moussoro,13.6408,16.4901,31.77,15,83,4.75,TD,1701022651
325,zhongshu,24.5167,103.7667,9.11,97,17,1.11,CN,1701022652
326,gebeit,21.0667,36.3167,26.59,54,55,2.33,SD,1701022653
327,barah,13.7,30.3667,29.7,18,50,4.82,SD,1701022654
328,sao vicente,-23.9631,-46.3919,26.08,43,100,3.13,BR,1701022654
329,zapala,-38.8992,-70.0544,26.52,12,98,3.59,AR,1701022656
330,hovd,48.0056,91.6419,-7.3,70,12,1.04,MN,1701022657
331,antofagasta,-23.65,-70.4,20.32,64,12,3.79,CL,1701022322
332,lalibela,12.0333,39.0333,14.85,50,47,3.8,ET,1701022658
333,lospalos,-8.5186,127.0025,22.32,85,63,0.78,TL,1701022659
334,ola,59.5833,151.2833,-16.03,88,100,6.32,RU,1701022660
335,vadso,70.0744,29.7487,-1.91,86,100,4.63,NO,1701022661
336,jumla,29.2747,82.1838,8.18,55,92,2.14,NP,1701022661
337,lianzhou,24.7811,112.3825,14.55,88,6,1.41,CN,1701022662
338,al jahra',29.3375,47.6581,23.68,73,60,4.65,KW,1701022663
339,gurupi,-11.7292,-49.0686,35.22,36,66,1.36,BR,1701022664
340,nadym,65.5333,72.5167,-12.42,96,98,3.01,RU,1701022502
341,san luis,-33.295,-66.3356,33.44,18,6,2.79,AR,1701022563
342,isangel,-19.55,169.2667,22.13,84,33,4.07,VU,1701022666
343,abong mbang,3.9833,13.1833,24.24,77,99,0.64,CM,1701022667
344,udomlya,57.8794,34.9925,-8.52,97,96,2.31,RU,1701022668
345,el calafate,-50.3408,-72.2768,9.75,40,20,6.45,AR,1701022639
346,portland,45.5234,-122.6762,9.47,60,0,5.36,US,1701022563
347,geraldton,-28.7667,114.6,19.23,82,40,2.06,AU,1701022670
348,antsiranana,-12.2787,49.2917,25.99,79,100,6.53,MG,1701022671
349,boyolangu,-8.1181,111.8935,23.8,86,100,0.66,ID,1701022672
350,manicore,-5.8092,-61.3003,30.77,59,96,2.0,BR,1701022673
351,oeiras do para,-2.0031,-49.8544,32.05,53,82,2.13,BR,1701022674
352,xinqing,48.2333,129.5,-19.66,100,81,0.74,CN,1701022674
353,missoula,47.0166,-113.8009,-8.78,57,18,1.22,US,1701022675
354,mareeba,-17.0,145.4333,22.47,94,73,1.1,AU,1701022676
355,aleksandrovsk-sakhalinskiy,50.8975,142.1561,-13.02,64,79,7.47,RU,1701022677
356,arteche,12.2645,125.4048,25.48,92,29,2.41,PH,1701022678
357,guasdualito,7.2424,-70.7324,29.98,74,20,2.06,VE,1701022678
358,ribas do rio pardo,-20.4431,-53.7592,32.88,42,43,5.31,BR,1701022679
359,lethem,3.3803,-59.7968,33.32,44,92,4.1,GY,1701022680
360,rosario,-32.9468,-60.6393,32.75,26,0,3.6,AR,1701022681
361,atchison,39.563,-95.1216,0.88,80,27,6.43,US,1701022682
362,armidale,-30.5167,151.65,11.25,88,14,1.62,AU,1701022683
363,ouro preto do oeste,-10.7481,-62.2158,30.63,52,100,0.91,BR,1701022646
364,camana,-16.6228,-72.7111,22.0,71,99,4.34,PE,1701022684
365,el bauga,18.262,33.9081,30.76,19,99,5.98,SD,1701022685
366,diego martin,10.7005,-61.5342,26.75,81,53,4.69,TT,1701022687
367,isiro,2.7739,27.616,19.49,97,100,0.34,CD,1701022551
368,manokwari,-0.8667,134.0833,25.47,83,100,2.2,ID,1701022688
369,sa pa,22.3402,103.8441,10.68,88,40,0.18,VN,1701022689
370,noosa heads,-26.3833,153.15,21.17,87,86,2.48,AU,1701022690
371,domerat,46.3606,2.5343,-0.41,91,61,1.35,FR,1701022691
372,safotu,-13.4513,-172.4018,28.48,84,98,9.03,WS,1701022691
373,tabou,4.423,-7.3528,26.37,85,56,3.79,CI,1701022692
374,la mira,18.035,-102.3266,30.39,53,15,1.17,MX,1701022693
375,touros,-5.1989,-35.4608,29.23,55,39,7.26,BR,1701022694
376,terra santa,-2.1042,-56.4869,35.26,40,74,1.35,BR,1701022695
377,nanlong,31.3533,106.0631,13.07,71,0,2.01,CN,1701022695
378,borba,-4.3878,-59.5939,33.35,46,97,2.48,BR,1701022696
379,alofi,-19.0595,-169.9187,25.94,94,14,2.06,NU,1701022697
380,nynashamn,58.9034,17.9479,-2.69,90,89,4.18,SE,1701022698
381,krasnokholm,51.5979,54.1567,2.21,71,96,6.72,RU,1701022699
382,okha,53.5739,142.9478,-12.3,92,100,12.19,RU,1701022607
383,turpan,42.9333,89.1667,3.84,39,6,0.72,CN,1701022509
384,andalusia,31.3085,-86.4833,15.92,96,100,2.57,US,1701022702
385,simdega,22.6167,84.5167,15.59,51,4,2.08,IN,1701022702
386,uturoa,-16.7333,-151.4333,26.31,75,91,8.3,PF,1701022703
387,pandan,14.0453,124.1694,26.32,89,25,4.43,PH,1701022705
388,xiaoshan,30.1675,120.2588,12.92,76,100,1.0,CN,1701022691
389,pisco,-13.7,-76.2167,23.03,64,0,3.6,PE,1701022706
390,gilgit,35.9221,74.3087,11.4,45,100,1.18,PK,1701022707
391,illizi,26.4833,8.4667,20.89,25,2,5.41,DZ,1701022666
392,ta`u,-14.2336,-169.5144,27.72,83,74,7.31,AS,1701022709
393,fang,19.9169,99.2145,17.9,87,26,0.66,TH,1701022710
394,mathba,22.2855,89.9629,19.12,66,5,1.06,BD,1701022710
395,troitsko-pechorsk,62.7084,56.1964,-16.84,99,96,1.34,RU,1701022711
396,kota kinabalu,5.9749,116.0724,24.99,88,20,2.06,MY,1701022447
397,canete,-37.8,-73.4,21.51,50,66,3.51,CL,1701022713
398,nili,33.7218,66.1302,8.07,48,42,1.07,AF,1701022714
399,taroa,8.7058,171.2275,27.66,81,23,9.96,MH,1701022715
400,lamu,-2.2717,40.902,24.12,82,100,3.22,KE,1701022716
401,turkestan,43.3333,68.25,11.18,32,68,1.62,KZ,1701022717
402,monte argentario,42.4345,11.1195,7.89,47,23,4.29,IT,1701022717
403,anna regina,7.2644,-58.5077,29.36,64,84,4.09,GY,1701022718
404,kuala belait,4.5833,114.1833,25.09,94,100,2.97,BN,1701022719
405,laojunmiao,39.8333,97.7333,0.09,28,95,1.18,CN,1701022720
406,smithers,54.7804,-127.1743,-1.82,100,100,3.09,CA,1701022720
407,ixtapa,20.7,-105.2,29.57,39,40,1.79,MX,1701022721
408,al bawiti,28.3492,28.8659,17.3,47,0,4.0,EG,1701022722
409,calingasta,-31.3308,-69.4078,29.54,18,12,1.79,AR,1701022723
410,hithadhoo,-0.6,73.0833,27.81,74,64,1.34,MV,1701022724
411,barra de santo antonio,-9.4047,-35.5072,30.6,53,29,4.28,BR,1701022724
412,dzidzantun,21.25,-89.05,34.33,40,2,1.46,MX,1701022725
413,nacala,-14.5428,40.6728,26.11,82,61,2.23,MZ,1701022726
414,yoloten,37.2989,62.3597,20.81,37,97,11.8,TM,1701022727
415,sant antoni de portmany,38.9807,1.3036,16.99,77,75,3.6,ES,1701022728
416,turan,16.0678,108.2208,24.99,73,75,1.54,VN,1701022728
417,santa cruz,-17.8,-63.1667,34.03,46,40,7.2,BO,1701022729
418,beeville,28.4008,-97.7483,15.9,67,100,8.23,US,1701022730
419,naze,28.3667,129.4833,18.51,75,30,1.42,JP,1701022731
420,north bend,43.4065,-124.2243,10.6,65,0,3.6,US,1701022732
421,weno,7.4515,151.8468,27.97,89,100,3.09,FM,1701022733
422,tangalle,6.024,80.7911,25.34,90,60,3.7,LK,1701022733
423,salto,-31.3833,-57.9667,28.82,49,2,1.34,UY,1701022132
424,glace bay,46.1969,-59.957,2.66,68,75,4.12,CA,1701022735
425,stiens,53.2623,5.7577,7.21,89,75,3.09,NL,1701022541
426,flying fish cove,-10.4217,105.6791,24.82,83,75,4.12,CX,1701022736
427,chibougamau,49.9168,-74.3659,-1.21,64,20,5.66,CA,1701022737
428,junnar,19.2,73.8833,20.77,88,34,2.01,IN,1701022738
429,masterton,-40.9597,175.6575,11.05,82,1,0.78,NZ,1701022739
430,vorgashor,67.5833,63.95,-16.36,98,92,2.64,RU,1701022740
431,paramonga,-10.6667,-77.8333,22.5,71,88,4.87,PE,1701022741
432,aylmer,42.7668,-80.983,6.39,64,100,4.95,CA,1701022742
433,horta,38.5333,-28.6333,19.8,99,100,3.09,PT,1701022149
434,muroto-misakicho,33.2833,134.15,14.97,74,73,0.92,JP,1701022744
435,sisimiut,66.9395,-53.6735,-3.51,97,100,1.93,GL,1701022745
436,macau,22.2006,113.5461,21.51,83,0,1.54,MO,1701022745
437,ulsteinvik,62.3432,5.8487,3.2,67,17,2.24,NO,1701022746
438,mossel bay,-34.1831,22.146,23.96,79,20,0.63,ZA,1701022747
439,timimoun,29.2639,0.231,18.21,19,0,2.57,DZ,1701022748
440,sitka,57.0531,-135.33,8.94,87,100,4.12,US,1701022749
441,kincardine,56.0667,-3.7167,6.22,96,99,0.05,GB,1701022750
442,qandala,11.472,49.8728,25.85,76,56,1.84,SO,1701022751
443,auki,-8.7676,160.7034,25.26,89,88,1.84,SB,1701022752
444,taradale,-39.5333,176.85,10.01,92,3,0.89,NZ,1701022753
445,lumbia,8.3958,124.5939,23.32,90,31,1.49,PH,1701022753
446,gadzhiyevo,69.2551,33.3362,-12.77,88,87,2.31,RU,1701022754
447,yangjiang,21.85,111.9667,18.57,80,58,1.82,CN,1701022755
448,six-fours-les-plages,43.0938,5.84,9.69,46,89,3.8,FR,1701022756
449,phek,25.6667,94.5,5.86,94,0,0.79,IN,1701022757
450,calipatria,33.1256,-115.5142,18.47,22,100,3.55,US,1701022758
451,chonchi,-42.6128,-73.8092,13.4,71,100,0.98,CL,1701022759
452,ankang,32.68,109.0172,8.08,69,0,0.6,CN,1701022760
453,new milford,40.9327,-74.0179,10.61,69,75,2.57,US,1701022760
454,nar'yan-mar,67.6713,53.087,-17.16,96,100,1.34,RU,1701022623
455,farafangana,-22.8167,47.8333,25.11,80,2,5.42,MG,1701022763
456,belmonte,-15.8631,-38.8828,25.5,73,99,6.48,BR,1701022764
457,igrim,63.1906,64.4162,-21.83,99,34,1.44,RU,1701022764
458,puerto san jose,13.9256,-90.8244,29.89,66,7,1.73,GT,1701022765
459,kiunga,-6.1219,141.2906,22.84,99,100,0.49,PG,1701022766
460,san antonio de pale,-1.4014,5.6325,27.29,77,91,2.39,GQ,1701022768
461,valparaiso,-33.0393,-71.6273,19.44,76,100,4.12,CL,1701022544
462,rio preto da eva,-2.6994,-59.6997,28.5,74,100,0.92,BR,1701022770
463,ambovombe,-25.1667,46.0833,23.97,87,9,2.32,MG,1701022770
464,narrabri,-30.3167,149.7833,18.79,79,20,2.18,AU,1701022771
465,kapiri mposhi,-13.9652,28.6809,20.64,80,87,1.36,ZM,1701022772
466,al hufuf,25.3646,49.5653,23.19,64,0,2.57,SA,1701022726
467,yuzhno-kurilsk,44.0306,145.8556,-0.35,78,77,7.02,RU,1701022774
468,lauro de freitas,-12.8944,-38.3272,29.01,61,40,5.14,BR,1701022775
469,heppenheim an der bergstrasse,49.6408,8.6372,5.58,90,100,2.24,DE,1701022548
470,lambarene,-0.7001,10.2406,25.35,89,89,1.31,GA,1701022777
471,ambodifotatra,-16.9833,49.85,26.06,78,73,2.9,MG,1701022778
472,choibalsan,48.0667,114.5,-19.89,100,93,2.62,MN,1701022780
473,chagoda,59.164,35.3285,-8.79,97,94,2.06,RU,1701022780
474,batticaloa,7.7102,81.6924,25.87,87,89,1.85,LK,1701022781
475,poronaysk,49.2167,143.1167,-9.12,61,12,5.65,RU,1701022782
476,condega,13.365,-86.3985,28.05,61,27,3.63,NI,1701022783
477,roma,43.2128,-75.4557,6.01,61,20,4.12,US,1701022152
478,den burg,53.0542,4.7972,7.99,76,100,4.63,NL,1701022784
479,oban,56.4127,-5.4706,3.54,89,100,1.93,GB,1701022785
480,alibag,18.6411,72.8792,25.04,82,3,2.09,IN,1701022787
481,meadow lakes,61.6247,-149.6011,4.03,73,100,0.0,US,1701022787
482,kidal,18.4411,1.4078,26.61,10,60,3.06,ML,1701022788
483,spanish town,17.9911,-76.9574,32.62,63,20,7.72,JM,1701022789
484,bathsheba,13.2167,-59.5167,29.34,70,20,8.23,BB,1701022790
485,usogorsk,63.4106,48.6872,-20.0,100,78,1.4,RU,1701022791
486,sept-iles,50.2001,-66.3821,1.29,72,75,4.63,CA,1701022792
487,luanco,43.6152,-5.7934,12.71,89,100,2.43,ES,1701022792
488,la passe,45.5549,-0.8967,4.45,65,100,2.14,FR,1701022793
489,mustafakemalpasa,40.0353,28.4117,5.03,83,99,1.27,TR,1701022794
490,khandyga,62.6667,135.6,-34.79,99,100,0.8,RU,1701022795
491,ciudad melchor muzquiz,27.8833,-101.5167,16.87,70,100,5.95,MX,1701022795
492,kyosai,34.8503,128.5886,2.98,47,75,1.67,KR,1701022796
493,astrakhan,46.3497,48.0408,3.84,93,11,4.02,RU,1701022207
494,urzhar,47.093,81.6294,4.02,45,95,1.72,KZ,1701022778
495,zmigrod,51.4667,16.9056,-1.47,74,30,3.67,PL,1701022799
496,porto novo,6.4965,2.6036,25.9,87,100,2.0,BJ,1701022799
497,bella vista,36.4295,-94.2316,2.51,72,75,6.71,US,1701022800
498,port macquarie,-31.4333,152.9167,15.5,89,10,2.16,AU,1701022802
499,codrington,-38.2667,141.9667,12.24,78,100,5.86,AU,1701022803
500,vazante,-17.9869,-46.9078,32.46,38,59,2.25,BR,1701022804
501,toliara,-23.35,43.6667,25.37,86,0,3.99,MG,1701022805
502,cole harbour,44.6724,-63.4751,4.98,70,100,6.17,CA,1701022806
503,dazhou,31.2159,107.5009,12.02,75,0,2.01,CN,1701022807
504,ketchikan,55.3422,-131.6461,6.99,100,100,5.14,US,1701022808
505,al ghayzah,16.2079,52.176,26.81,64,17,3.07,YE,1701022809
506,saint-philippe,-21.3585,55.7679,24.77,76,58,4.26,RE,1701022809
507,ostersund,63.1792,14.6357,-4.75,93,100,2.06,SE,1701022802
508,haiku-pauwela,20.9219,-156.3051,24.47,74,0,5.14,US,1701022811
509,shima,24.4478,117.8111,17.01,88,2,1.12,CN,1701022812
510,chivhu,-19.0211,30.8922,23.34,27,4,5.03,ZW,1701022813
511,onguday,50.75,86.15,-2.86,80,29,1.49,RU,1701022813
512,yanykurgan,43.915,67.2481,11.43,32,65,3.52,KZ,1701022814
513,carahue,-38.7,-73.1667,23.41,45,100,2.95,CL,1701022815
514,morehead city,34.7229,-76.726,12.23,93,100,3.09,US,1701022816
515,tezu,27.9167,96.1667,17.63,49,0,1.91,IN,1701022817
516,limon,10.0,-83.0333,30.59,74,0,3.6,CR,1701022817
517,terenozek,45.05,64.9833,8.95,43,100,5.03,KZ,1701022818
518,sinop,41.7711,34.8709,2.7,65,70,7.87,TR,1701022819
519,cartagena,10.3997,-75.5144,30.79,74,40,3.09,CO,1701022820
520,chibuto,-24.6867,33.5306,23.16,86,6,2.78,MZ,1701022821
521,armacao de buzios,-22.7469,-41.8817,25.09,70,80,6.24,BR,1701022822
522,mokhsogollokh,61.4681,128.9203,-28.42,93,77,3.51,RU,1701022822
523,nantucket,41.2835,-70.0995,8.08,69,20,6.69,US,1701022823
524,luino,46.0019,8.7451,8.43,59,0,1.54,IT,1701022824
525,woolgoolga,-30.1106,153.2007,18.36,86,4,2.24,AU,1701022825
526,prado,-17.3411,-39.2208,26.75,62,79,5.26,BR,1701022825
527,wenchang,30.904,118.4887,9.54,81,25,1.45,CN,1701022826
528,singaraja,-8.112,115.0882,26.14,79,100,2.63,ID,1701022827
529,islamkot,24.6997,70.177,20.39,64,19,5.4,PK,1701022828
530,gubakha,58.8386,57.5532,0.09,96,100,4.08,RU,1701022829
531,likiep,9.8251,169.3107,27.7,81,24,10.41,MH,1701022829
532,borogontsy,62.6683,131.1683,-32.81,95,100,2.19,RU,1701022830
533,inari,68.906,27.0288,-16.89,97,89,1.62,FI,1701022831
534,nampula,-15.1165,39.2666,28.97,58,20,5.14,MZ,1701022832
535,nizhniy dzhengutay,42.7001,47.2449,8.18,51,3,4.53,RU,1701022832
536,lumberton,34.6182,-79.0086,10.05,87,100,2.0,US,1701022833
537,az zubayr,30.3945,47.7011,20.67,65,10,4.59,IQ,1701022783
538,necochea,-38.5473,-58.7368,32.51,27,24,2.87,AR,1701022835
539,cutral-co,-38.9469,-69.2089,29.39,10,73,0.89,AR,1701022835
540,makhambet,47.6667,51.5833,6.44,74,14,7.45,KZ,1701022836
541,arawa,-6.2132,155.5367,25.4,91,96,0.55,PG,1701022837
542,ghat,24.9647,10.1728,19.42,23,0,2.92,LY,1701022838
543,paicandu,-23.4575,-52.0486,23.37,78,40,2.06,BR,1701022838
544,taikang,46.8333,124.4167,-14.68,90,100,2.13,CN,1701022839
545,harrismith,-28.2728,29.1295,22.87,49,93,3.23,ZA,1701022840
546,kambove,-10.8764,26.5969,17.4,96,98,1.67,CD,1701022841
547,christchurch,-43.5333,172.6333,10.51,92,33,1.03,NZ,1701022842
548,paracuru,-3.41,-39.0306,27.84,58,11,7.54,BR,1701022842
549,sanming,26.2486,117.6186,14.37,90,2,0.7,CN,1701022843
550,gastonia,35.2621,-81.1873,10.7,51,40,2.06,US,1701022844
551,gao,16.6362,1.637,27.83,11,60,3.71,ML,1701022845
552,sandnessjoen,66.0217,12.6316,-3.94,86,0,5.14,NO,1701022846
553,port-cartier,50.0334,-66.8654,1.12,73,66,3.65,CA,1701022847
554,tan-tan,28.438,-11.1032,18.97,72,0,5.66,MA,1701022788
555,ponta delgada,37.7333,-25.6667,20.4,94,75,5.66,PT,1701022848
556,kolonia town,6.964,158.206,26.0,94,100,1.03,FM,1701022849
557,crookston,47.7741,-96.6081,-5.03,68,100,11.32,US,1701022850
558,shimoda,34.6667,138.95,8.95,72,0,1.43,JP,1701022851
559,bay roberts,47.5999,-53.2648,2.41,80,70,1.79,CA,1701022852
560,khovd,48.0056,91.6419,-7.3,70,12,1.04,MN,1701022852
561,axim,4.8699,-2.2405,25.89,83,96,3.11,GH,1701022853
562,severodvinsk,64.5635,39.8302,-15.49,97,100,3.21,RU,1701022854
563,emerald,-23.5333,148.1667,21.3,96,100,4.39,AU,1701022855
564,fomeque,4.488,-73.8975,23.42,58,80,2.57,CO,1701022856
565,koshigaya,35.8833,139.7833,10.04,79,48,1.32,JP,1701022857
566,puerto madero,14.7208,-92.4215,32.11,70,20,0.0,MX,1701022858
567,lincoln,40.8,-96.667,4.45,53,59,4.92,US,1701022858
